product_id,name,category,material,color,style,price,rating,description
0,Modern Sofa,Sofa,Glass,White,Contemporary,7837.36,2.8,Contemporary White Glass Sofa
1,Modern Wardrobe,Wardrobe,Leather,Brown,Modern,2460.06,3.0,Modern Brown Leather Wardrobe
2,Industrial Wardrobe,Wardrobe,Wood,Beige,Contemporary,36084.96,4.3,Contemporary Beige Wood Wardrobe
3,Contemporary Bed,Bed,Fabric,Beige,Vintage,40662.09,2.5,Vintage Beige Fabric Bed
4,Minimalist Chair,Chair,Glass,Grey,Contemporary,11550.37,4.4,Contemporary Grey Glass Chair
5,Modern Sofa,Sofa,Fabric,Black,Vintage,42527.22,4.0,Vintage Black Fabric Sofa
6,Minimalist Sofa,Sofa,Leather,Black,Minimalist,4861.21,3.2,Minimalist Black Leather Sofa
7,Vintage Wardrobe,Wardrobe,Leather,White,Modern,3245.39,3.1,Modern White Leather Wardrobe
8,Modern Table,Table,Metal,Black,Minimalist,14620.71,4.1,Minimalist Black Metal Table
9,Contemporary Table,Table,Glass,Grey,Contemporary,33838.58,4.3,Contemporary Grey Glass Table
10,Industrial Sofa,Sofa,Metal,Beige,Contemporary,9006.72,3.4,Contemporary Beige Metal Sofa
11,Contemporary Wardrobe,Wardrobe,Glass,Black,Contemporary,41268.33,4.5,Contemporary Black Glass Wardrobe
12,Vintage Bed,Bed,Wood,White,Industrial,43942.01,3.3,Industrial White Wood Bed
13,Minimalist Bed,Bed,Fabric,White,Vintage,7841.89,4.4,Vintage White Fabric Bed
14,Vintage Wardrobe,Wardrobe,Leather,Brown,Industrial,20570.62,3.0,Industrial Brown Leather Wardrobe
15,Industrial Chair,Chair,Fabric,Black,Modern,43194.04,2.9,Modern Black Fabric Chair
16,Minimalist Chair,Chair,Leather,Black,Minimalist,19699.35,5.0,Minimalist Black Leather Chair
17,Vintage Wardrobe,Wardrobe,Leather,Black,Modern,34403.81,3.8,Modern Black Leather Wardrobe
18,Vintage Table,Table,Wood,Grey,Minimalist,8749.73,2.5,Minimalist Grey Wood Table
19,Industrial Table,Table,Metal,Beige,Modern,43655.41,3.2,Modern Beige Metal Table
20,Industrial Wardrobe,Wardrobe,Metal,White,Vintage,38363.03,3.8,Vintage White Metal Wardrobe
21,Modern Wardrobe,Wardrobe,Leather,Grey,Minimalist,1954.36,4.8,Minimalist Grey Leather Wardrobe
22,Contemporary Table,Table,Wood,White,Industrial,47400.52,2.7,Industrial White Wood Table
23,Modern Bed,Bed,Leather,White,Contemporary,33327.79,4.9,Contemporary White Leather Bed
24,Vintage Chair,Chair,Leather,Beige,Minimalist,48253.78,4.8,Minimalist Beige Leather Chair
25,Vintage Chair,Chair,Fabric,Blue,Vintage,22466.9,3.8,Vintage Blue Fabric Chair
26,Contemporary Sofa,Sofa,Metal,Black,Vintage,2030.68,3.9,Vintage Black Metal Sofa
27,Contemporary Wardrobe,Wardrobe,Wood,Black,Modern,12218.15,4.8,Modern Black Wood Wardrobe
28,Modern Table,Table,Leather,White,Vintage,33779.91,3.0,Vintage White Leather Table
29,Industrial Chair,Chair,Leather,Brown,Contemporary,39446.35,4.5,Contemporary Brown Leather Chair
30,Modern Chair,Chair,Wood,Blue,Minimalist,18360.58,3.5,Minimalist Blue Wood Chair
31,Modern Sofa,Sofa,Wood,Brown,Vintage,40229.03,2.8,Vintage Brown Wood Sofa
32,Contemporary Chair,Chair,Leather,Brown,Contemporary,21672.2,3.2,Contemporary Brown Leather Chair
33,Modern Chair,Chair,Fabric,Beige,Modern,3478.83,5.0,Modern Beige Fabric Chair
34,Modern Sofa,Sofa,Metal,White,Minimalist,24796.42,3.0,Minimalist White Metal Sofa
35,Modern Bed,Bed,Metal,Brown,Modern,49280.13,3.2,Modern Brown Metal Bed
36,Vintage Bed,Bed,Fabric,Blue,Industrial,33431.69,3.7,Industrial Blue Fabric Bed
37,Vintage Chair,Chair,Metal,Black,Industrial,37051.12,2.7,Industrial Black Metal Chair
38,Modern Table,Table,Wood,Beige,Minimalist,25639.67,4.6,Minimalist Beige Wood Table
39,Modern Chair,Chair,Leather,Black,Contemporary,4357.55,2.7,Contemporary Black Leather Chair
40,Minimalist Chair,Chair,Wood,Beige,Contemporary,29367.03,2.6,Contemporary Beige Wood Chair
41,Minimalist Sofa,Sofa,Leather,Beige,Industrial,16502.12,3.2,Industrial Beige Leather Sofa
42,Contemporary Table,Table,Glass,Brown,Contemporary,33912.82,3.2,Contemporary Brown Glass Table
43,Modern Table,Table,Wood,Brown,Industrial,49924.27,5.0,Industrial Brown Wood Table
44,Industrial Sofa,Sofa,Metal,Beige,Vintage,7490.37,3.4,Vintage Beige Metal Sofa
45,Contemporary Sofa,Sofa,Glass,Grey,Contemporary,22471.04,3.9,Contemporary Grey Glass Sofa
46,Industrial Table,Table,Leather,Black,Industrial,15669.56,4.2,Industrial Black Leather Table
47,Vintage Chair,Chair,Wood,Black,Industrial,8616.95,3.2,Industrial Black Wood Chair
48,Vintage Chair,Chair,Metal,Blue,Vintage,25765.04,3.1,Vintage Blue Metal Chair
49,Modern Sofa,Sofa,Fabric,Grey,Modern,1173.74,4.4,Modern Grey Fabric Sofa
50,Contemporary Table,Table,Fabric,Beige,Minimalist,28484.44,2.8,Minimalist Beige Fabric Table
51,Industrial Chair,Chair,Wood,Grey,Industrial,28073.73,3.6,Industrial Grey Wood Chair
52,Vintage Sofa,Sofa,Glass,Black,Vintage,11293.75,3.1,Vintage Black Glass Sofa
53,Vintage Sofa,Sofa,Leather,Brown,Industrial,37724.4,4.8,Industrial Brown Leather Sofa
54,Contemporary Chair,Chair,Metal,Brown,Modern,9788.67,4.8,Modern Brown Metal Chair
55,Contemporary Bed,Bed,Glass,White,Modern,19744.54,2.6,Modern White Glass Bed
56,Contemporary Bed,Bed,Metal,Brown,Vintage,15954.35,4.5,Vintage Brown Metal Bed
57,Contemporary Chair,Chair,Wood,Blue,Contemporary,20524.83,3.2,Contemporary Blue Wood Chair
58,Vintage Sofa,Sofa,Glass,Blue,Industrial,20584.24,5.0,Industrial Blue Glass Sofa
59,Vintage Wardrobe,Wardrobe,Wood,Black,Vintage,9749.82,4.9,Vintage Black Wood Wardrobe
60,Modern Table,Table,Wood,Beige,Minimalist,17938.67,4.5,Minimalist Beige Wood Table
61,Industrial Bed,Bed,Leather,Black,Minimalist,45075.73,3.0,Minimalist Black Leather Bed
62,Minimalist Sofa,Sofa,Wood,Beige,Industrial,34656.0,4.9,Industrial Beige Wood Sofa
63,Vintage Chair,Chair,Fabric,Black,Vintage,31534.62,4.2,Vintage Black Fabric Chair
64,Vintage Sofa,Sofa,Leather,Grey,Minimalist,16982.96,4.2,Minimalist Grey Leather Sofa
65,Contemporary Wardrobe,Wardrobe,Metal,Brown,Minimalist,34188.58,4.8,Minimalist Brown Metal Wardrobe
66,Industrial Wardrobe,Wardrobe,Glass,Brown,Industrial,41852.53,3.3,Industrial Brown Glass Wardrobe
67,Minimalist Chair,Chair,Leather,Beige,Vintage,23784.42,3.6,Vintage Beige Leather Chair
68,Industrial Chair,Chair,Fabric,Blue,Contemporary,33283.69,3.2,Contemporary Blue Fabric Chair
69,Vintage Wardrobe,Wardrobe,Wood,White,Vintage,12007.39,3.0,Vintage White Wood Wardrobe
70,Modern Sofa,Sofa,Metal,Brown,Industrial,42637.15,2.7,Industrial Brown Metal Sofa
71,Industrial Bed,Bed,Metal,Blue,Minimalist,25224.48,3.1,Minimalist Blue Metal Bed
72,Modern Sofa,Sofa,Fabric,White,Contemporary,40401.38,4.2,Contemporary White Fabric Sofa
73,Modern Bed,Bed,Leather,White,Modern,23366.63,4.5,Modern White Leather Bed
74,Industrial Wardrobe,Wardrobe,Leather,Grey,Minimalist,31019.96,4.3,Minimalist Grey Leather Wardrobe
75,Minimalist Wardrobe,Wardrobe,Leather,Brown,Contemporary,37439.12,3.7,Contemporary Brown Leather Wardrobe
76,Contemporary Table,Table,Glass,Beige,Minimalist,31710.67,3.2,Minimalist Beige Glass Table
77,Vintage Sofa,Sofa,Metal,Grey,Vintage,16665.77,3.9,Vintage Grey Metal Sofa
78,Contemporary Chair,Chair,Metal,Brown,Contemporary,35614.54,2.7,Contemporary Brown Metal Chair
79,Vintage Bed,Bed,Leather,Brown,Minimalist,4051.02,4.6,Minimalist Brown Leather Bed
80,Industrial Bed,Bed,Wood,Beige,Minimalist,24372.01,4.9,Minimalist Beige Wood Bed
81,Minimalist Table,Table,Fabric,Beige,Industrial,40193.54,4.7,Industrial Beige Fabric Table
82,Contemporary Bed,Bed,Glass,Brown,Minimalist,2422.22,3.3,Minimalist Brown Glass Bed
83,Contemporary Bed,Bed,Fabric,White,Industrial,27172.06,4.8,Industrial White Fabric Bed
84,Industrial Wardrobe,Wardrobe,Wood,Black,Minimalist,7649.27,3.7,Minimalist Black Wood Wardrobe
85,Vintage Sofa,Sofa,Fabric,Grey,Contemporary,23280.27,3.3,Contemporary Grey Fabric Sofa
86,Vintage Bed,Bed,Fabric,Grey,Modern,24045.03,4.4,Modern Grey Fabric Bed
87,Vintage Sofa,Sofa,Metal,Blue,Modern,39280.42,4.1,Modern Blue Metal Sofa
88,Contemporary Sofa,Sofa,Metal,Black,Industrial,8466.73,2.8,Industrial Black Metal Sofa
89,Industrial Sofa,Sofa,Metal,Brown,Vintage,38578.01,2.9,Vintage Brown Metal Sofa
90,Modern Wardrobe,Wardrobe,Metal,Grey,Modern,29355.55,4.8,Modern Grey Metal Wardrobe
91,Minimalist Wardrobe,Wardrobe,Fabric,Blue,Contemporary,4723.83,4.2,Contemporary Blue Fabric Wardrobe
92,Modern Chair,Chair,Glass,Blue,Industrial,40470.87,4.5,Industrial Blue Glass Chair
93,Modern Wardrobe,Wardrobe,Glass,Beige,Minimalist,33414.55,2.7,Minimalist Beige Glass Wardrobe
94,Modern Table,Table,Fabric,Brown,Modern,22242.65,3.4,Modern Brown Fabric Table
95,Contemporary Bed,Bed,Fabric,White,Industrial,48308.21,3.2,Industrial White Fabric Bed
96,Minimalist Wardrobe,Wardrobe,Fabric,Brown,Industrial,14151.38,4.6,Industrial Brown Fabric Wardrobe
97,Vintage Sofa,Sofa,Fabric,White,Minimalist,28922.63,4.2,Minimalist White Fabric Sofa
98,Modern Table,Table,Fabric,Grey,Contemporary,24889.95,3.4,Contemporary Grey Fabric Table
99,Vintage Table,Table,Glass,Beige,Vintage,28233.76,3.8,Vintage Beige Glass Table
100,Modern Chair,Chair,Metal,Blue,Minimalist,24940.31,4.4,Minimalist Blue Metal Chair
101,Minimalist Bed,Bed,Fabric,Black,Modern,15417.54,3.5,Modern Black Fabric Bed
102,Vintage Chair,Chair,Leather,Grey,Minimalist,28120.17,3.4,Minimalist Grey Leather Chair
103,Vintage Wardrobe,Wardrobe,Glass,Blue,Minimalist,14274.9,3.1,Minimalist Blue Glass Wardrobe
104,Contemporary Sofa,Sofa,Glass,Black,Industrial,47593.0,4.2,Industrial Black Glass Sofa
105,Contemporary Chair,Chair,Fabric,Grey,Industrial,48853.74,3.8,Industrial Grey Fabric Chair
106,Modern Table,Table,Metal,Grey,Contemporary,18683.17,3.3,Contemporary Grey Metal Table
107,Contemporary Wardrobe,Wardrobe,Glass,Black,Modern,28114.59,4.2,Modern Black Glass Wardrobe
108,Minimalist Chair,Chair,Wood,Black,Industrial,14932.63,3.7,Industrial Black Wood Chair
109,Contemporary Table,Table,Wood,Grey,Minimalist,6590.27,2.7,Minimalist Grey Wood Table
110,Modern Bed,Bed,Leather,Blue,Modern,8434.62,4.5,Modern Blue Leather Bed
111,Modern Table,Table,Metal,Black,Industrial,38457.73,4.0,Industrial Black Metal Table
112,Contemporary Wardrobe,Wardrobe,Leather,Brown,Minimalist,45516.71,3.2,Minimalist Brown Leather Wardrobe
113,Minimalist Wardrobe,Wardrobe,Glass,Beige,Industrial,3951.28,4.9,Industrial Beige Glass Wardrobe
114,Contemporary Sofa,Sofa,Metal,Grey,Modern,8695.8,2.9,Modern Grey Metal Sofa
115,Contemporary Sofa,Sofa,Wood,Brown,Minimalist,34779.19,3.7,Minimalist Brown Wood Sofa
116,Contemporary Sofa,Sofa,Glass,Blue,Vintage,35446.39,3.6,Vintage Blue Glass Sofa
117,Vintage Chair,Chair,Leather,Blue,Contemporary,21831.81,3.9,Contemporary Blue Leather Chair
118,Vintage Chair,Chair,Metal,Black,Modern,9130.22,3.3,Modern Black Metal Chair
119,Vintage Wardrobe,Wardrobe,Fabric,Black,Minimalist,34745.22,4.2,Minimalist Black Fabric Wardrobe
120,Industrial Table,Table,Leather,Brown,Minimalist,4941.65,2.6,Minimalist Brown Leather Table
121,Vintage Bed,Bed,Leather,Grey,Modern,5475.02,4.9,Modern Grey Leather Bed
122,Industrial Wardrobe,Wardrobe,Wood,Blue,Vintage,29236.1,4.4,Vintage Blue Wood Wardrobe
123,Minimalist Chair,Chair,Leather,Blue,Minimalist,45887.57,3.0,Minimalist Blue Leather Chair
124,Minimalist Wardrobe,Wardrobe,Fabric,Black,Minimalist,18050.09,3.3,Minimalist Black Fabric Wardrobe
125,Contemporary Sofa,Sofa,Glass,Brown,Minimalist,15122.67,4.9,Minimalist Brown Glass Sofa
126,Modern Wardrobe,Wardrobe,Fabric,Black,Vintage,13367.54,2.8,Vintage Black Fabric Wardrobe
127,Industrial Bed,Bed,Wood,Blue,Industrial,23636.84,2.6,Industrial Blue Wood Bed
128,Vintage Wardrobe,Wardrobe,Leather,Brown,Minimalist,38239.54,3.0,Minimalist Brown Leather Wardrobe
129,Contemporary Wardrobe,Wardrobe,Glass,Brown,Minimalist,6949.88,4.9,Minimalist Brown Glass Wardrobe
130,Contemporary Wardrobe,Wardrobe,Metal,Grey,Industrial,1670.05,3.5,Industrial Grey Metal Wardrobe
131,Modern Chair,Chair,Fabric,Black,Contemporary,25420.4,4.3,Contemporary Black Fabric Chair
132,Vintage Wardrobe,Wardrobe,Fabric,Brown,Minimalist,12942.81,3.9,Minimalist Brown Fabric Wardrobe
133,Contemporary Bed,Bed,Leather,Beige,Contemporary,43337.32,3.2,Contemporary Beige Leather Bed
134,Vintage Bed,Bed,Leather,Grey,Modern,14859.11,3.2,Modern Grey Leather Bed
135,Industrial Wardrobe,Wardrobe,Fabric,White,Minimalist,27390.45,3.4,Minimalist White Fabric Wardrobe
136,Industrial Wardrobe,Wardrobe,Fabric,Brown,Vintage,43610.48,5.0,Vintage Brown Fabric Wardrobe
137,Industrial Chair,Chair,Fabric,White,Minimalist,3138.72,4.4,Minimalist White Fabric Chair
138,Minimalist Bed,Bed,Metal,Brown,Modern,7186.07,4.9,Modern Brown Metal Bed
139,Modern Table,Table,Fabric,Black,Industrial,45611.64,2.5,Industrial Black Fabric Table
140,Minimalist Chair,Chair,Metal,Black,Minimalist,39294.74,3.2,Minimalist Black Metal Chair
141,Minimalist Wardrobe,Wardrobe,Wood,Grey,Industrial,19620.46,3.3,Industrial Grey Wood Wardrobe
142,Industrial Bed,Bed,Wood,Beige,Modern,12503.74,4.2,Modern Beige Wood Bed
143,Contemporary Table,Table,Wood,Brown,Modern,38258.11,4.3,Modern Brown Wood Table
144,Minimalist Sofa,Sofa,Metal,Blue,Vintage,45267.78,2.6,Vintage Blue Metal Sofa
145,Vintage Sofa,Sofa,Glass,Grey,Minimalist,8132.92,3.8,Minimalist Grey Glass Sofa
146,Contemporary Wardrobe,Wardrobe,Metal,White,Modern,30865.1,3.5,Modern White Metal Wardrobe
147,Minimalist Chair,Chair,Leather,White,Contemporary,23596.35,3.1,Contemporary White Leather Chair
148,Modern Table,Table,Fabric,Grey,Industrial,8740.81,3.6,Industrial Grey Fabric Table
149,Industrial Table,Table,Glass,Blue,Minimalist,34825.36,3.6,Minimalist Blue Glass Table
150,Contemporary Table,Table,Fabric,Brown,Modern,12623.08,3.9,Modern Brown Fabric Table
151,Vintage Wardrobe,Wardrobe,Glass,Black,Minimalist,14449.54,3.9,Minimalist Black Glass Wardrobe
152,Industrial Sofa,Sofa,Fabric,Grey,Contemporary,30746.18,3.4,Contemporary Grey Fabric Sofa
153,Industrial Chair,Chair,Glass,Blue,Contemporary,31784.16,4.8,Contemporary Blue Glass Chair
154,Vintage Sofa,Sofa,Fabric,Black,Industrial,18878.2,2.8,Industrial Black Fabric Sofa
155,Vintage Table,Table,Fabric,White,Contemporary,7475.83,3.8,Contemporary White Fabric Table
156,Industrial Table,Table,Leather,Grey,Contemporary,13591.53,4.6,Contemporary Grey Leather Table
157,Vintage Bed,Bed,Glass,Black,Minimalist,48181.77,2.9,Minimalist Black Glass Bed
158,Minimalist Chair,Chair,Leather,Grey,Modern,39743.42,2.5,Modern Grey Leather Chair
159,Modern Wardrobe,Wardrobe,Fabric,Grey,Vintage,29643.44,4.6,Vintage Grey Fabric Wardrobe
160,Modern Table,Table,Metal,Brown,Modern,31357.8,4.9,Modern Brown Metal Table
161,Industrial Table,Table,Metal,Blue,Modern,32134.79,3.7,Modern Blue Metal Table
162,Minimalist Table,Table,Wood,White,Modern,47366.82,3.3,Modern White Wood Table
163,Modern Bed,Bed,Wood,White,Industrial,7647.54,3.6,Industrial White Wood Bed
164,Minimalist Wardrobe,Wardrobe,Leather,Blue,Contemporary,44385.28,4.1,Contemporary Blue Leather Wardrobe
165,Industrial Bed,Bed,Fabric,Grey,Modern,34823.75,3.0,Modern Grey Fabric Bed
166,Contemporary Bed,Bed,Glass,Black,Vintage,27678.83,4.9,Vintage Black Glass Bed
167,Modern Table,Table,Fabric,Grey,Contemporary,48442.14,4.9,Contemporary Grey Fabric Table
168,Modern Bed,Bed,Metal,Blue,Industrial,48583.57,2.6,Industrial Blue Metal Bed
169,Contemporary Table,Table,Metal,Beige,Contemporary,4361.9,4.4,Contemporary Beige Metal Table
170,Industrial Chair,Chair,Metal,White,Vintage,38944.06,4.5,Vintage White Metal Chair
171,Modern Wardrobe,Wardrobe,Glass,White,Contemporary,27470.56,4.5,Contemporary White Glass Wardrobe
172,Modern Sofa,Sofa,Metal,Black,Vintage,39709.25,3.1,Vintage Black Metal Sofa
173,Modern Table,Table,Metal,Grey,Modern,7211.17,3.6,Modern Grey Metal Table
174,Modern Sofa,Sofa,Fabric,Brown,Vintage,26148.66,2.8,Vintage Brown Fabric Sofa
175,Contemporary Wardrobe,Wardrobe,Leather,Black,Industrial,15779.89,4.1,Industrial Black Leather Wardrobe
176,Modern Sofa,Sofa,Fabric,Brown,Minimalist,34618.78,3.7,Minimalist Brown Fabric Sofa
177,Modern Bed,Bed,Wood,Grey,Industrial,8268.36,2.8,Industrial Grey Wood Bed
178,Industrial Wardrobe,Wardrobe,Leather,Blue,Vintage,19664.32,4.0,Vintage Blue Leather Wardrobe
179,Minimalist Table,Table,Leather,Beige,Minimalist,5859.74,4.3,Minimalist Beige Leather Table
180,Contemporary Wardrobe,Wardrobe,Fabric,Brown,Contemporary,21276.86,4.6,Contemporary Brown Fabric Wardrobe
181,Minimalist Bed,Bed,Wood,Grey,Minimalist,16313.65,3.1,Minimalist Grey Wood Bed
182,Minimalist Chair,Chair,Wood,Black,Modern,5568.27,2.7,Modern Black Wood Chair
183,Contemporary Table,Table,Leather,Black,Industrial,47874.61,3.9,Industrial Black Leather Table
184,Minimalist Sofa,Sofa,Glass,Blue,Minimalist,43536.52,4.3,Minimalist Blue Glass Sofa
185,Industrial Table,Table,Glass,Grey,Modern,29318.01,3.0,Modern Grey Glass Table
186,Contemporary Bed,Bed,Wood,Grey,Industrial,19010.49,4.4,Industrial Grey Wood Bed
187,Contemporary Wardrobe,Wardrobe,Fabric,Beige,Industrial,31065.09,4.1,Industrial Beige Fabric Wardrobe
188,Industrial Sofa,Sofa,Glass,Black,Contemporary,14390.25,4.4,Contemporary Black Glass Sofa
189,Vintage Table,Table,Wood,White,Contemporary,28749.73,3.5,Contemporary White Wood Table
190,Modern Chair,Chair,Wood,Blue,Industrial,11541.51,3.5,Industrial Blue Wood Chair
191,Contemporary Table,Table,Glass,Grey,Vintage,39064.95,3.9,Vintage Grey Glass Table
192,Modern Sofa,Sofa,Metal,White,Industrial,3438.36,2.7,Industrial White Metal Sofa
193,Minimalist Bed,Bed,Fabric,Beige,Minimalist,21295.0,3.0,Minimalist Beige Fabric Bed
194,Modern Wardrobe,Wardrobe,Glass,Brown,Modern,14879.08,4.2,Modern Brown Glass Wardrobe
195,Industrial Bed,Bed,Glass,Black,Contemporary,20367.91,4.0,Contemporary Black Glass Bed
196,Contemporary Sofa,Sofa,Glass,White,Contemporary,38443.88,3.2,Contemporary White Glass Sofa
197,Modern Sofa,Sofa,Fabric,Blue,Minimalist,9609.05,3.5,Minimalist Blue Fabric Sofa
198,Industrial Chair,Chair,Leather,Blue,Vintage,4531.7,4.7,Vintage Blue Leather Chair
199,Minimalist Sofa,Sofa,Wood,Brown,Modern,43243.39,3.9,Modern Brown Wood Sofa
200,Minimalist Wardrobe,Wardrobe,Fabric,Grey,Modern,20846.58,4.9,Modern Grey Fabric Wardrobe
201,Industrial Chair,Chair,Fabric,Blue,Vintage,5318.36,4.6,Vintage Blue Fabric Chair
202,Minimalist Chair,Chair,Leather,Brown,Industrial,4853.71,4.7,Industrial Brown Leather Chair
203,Contemporary Table,Table,Glass,White,Modern,26013.68,2.8,Modern White Glass Table
204,Contemporary Wardrobe,Wardrobe,Glass,Grey,Contemporary,12577.17,2.9,Contemporary Grey Glass Wardrobe
205,Contemporary Chair,Chair,Leather,White,Modern,9680.16,4.4,Modern White Leather Chair
206,Minimalist Bed,Bed,Leather,Beige,Minimalist,34375.54,4.7,Minimalist Beige Leather Bed
207,Vintage Wardrobe,Wardrobe,Glass,White,Minimalist,4346.03,3.6,Minimalist White Glass Wardrobe
208,Vintage Table,Table,Leather,Black,Vintage,25859.51,3.3,Vintage Black Leather Table
209,Modern Bed,Bed,Wood,Grey,Vintage,4759.82,4.7,Vintage Grey Wood Bed
210,Industrial Sofa,Sofa,Leather,Beige,Minimalist,23672.87,3.9,Minimalist Beige Leather Sofa
211,Minimalist Sofa,Sofa,Leather,Blue,Contemporary,16754.81,3.7,Contemporary Blue Leather Sofa
212,Modern Chair,Chair,Fabric,Black,Vintage,49136.89,2.7,Vintage Black Fabric Chair
213,Modern Chair,Chair,Metal,Blue,Minimalist,49558.32,3.8,Minimalist Blue Metal Chair
214,Contemporary Wardrobe,Wardrobe,Glass,Grey,Vintage,19983.41,4.4,Vintage Grey Glass Wardrobe
215,Modern Wardrobe,Wardrobe,Glass,Black,Vintage,5630.79,4.2,Vintage Black Glass Wardrobe
216,Vintage Table,Table,Leather,White,Vintage,4993.6,4.2,Vintage White Leather Table
217,Vintage Table,Table,Fabric,White,Industrial,35732.87,2.7,Industrial White Fabric Table
218,Minimalist Wardrobe,Wardrobe,Glass,White,Industrial,5579.2,4.2,Industrial White Glass Wardrobe
219,Vintage Wardrobe,Wardrobe,Wood,Grey,Vintage,9832.88,3.0,Vintage Grey Wood Wardrobe
220,Contemporary Bed,Bed,Metal,White,Contemporary,4781.09,4.6,Contemporary White Metal Bed
221,Industrial Sofa,Sofa,Leather,Blue,Industrial,2849.63,3.3,Industrial Blue Leather Sofa
222,Contemporary Wardrobe,Wardrobe,Leather,Brown,Contemporary,8950.11,4.6,Contemporary Brown Leather Wardrobe
223,Contemporary Wardrobe,Wardrobe,Fabric,Black,Minimalist,18850.67,4.3,Minimalist Black Fabric Wardrobe
224,Industrial Bed,Bed,Glass,Blue,Minimalist,12466.14,3.1,Minimalist Blue Glass Bed
225,Contemporary Bed,Bed,Glass,Blue,Industrial,49237.55,3.7,Industrial Blue Glass Bed
226,Minimalist Table,Table,Leather,Beige,Minimalist,48347.14,4.5,Minimalist Beige Leather Table
227,Contemporary Wardrobe,Wardrobe,Glass,Black,Minimalist,43831.73,3.9,Minimalist Black Glass Wardrobe
228,Industrial Sofa,Sofa,Wood,Grey,Modern,38392.72,3.2,Modern Grey Wood Sofa
229,Contemporary Wardrobe,Wardrobe,Fabric,Black,Contemporary,41018.46,4.7,Contemporary Black Fabric Wardrobe
230,Minimalist Sofa,Sofa,Wood,Brown,Industrial,19324.11,3.5,Industrial Brown Wood Sofa
231,Vintage Sofa,Sofa,Metal,Black,Vintage,46610.47,4.6,Vintage Black Metal Sofa
232,Contemporary Table,Table,Metal,Black,Vintage,45952.41,3.7,Vintage Black Metal Table
233,Minimalist Chair,Chair,Fabric,Beige,Modern,45387.02,2.5,Modern Beige Fabric Chair
234,Contemporary Chair,Chair,Leather,Blue,Industrial,26860.8,2.8,Industrial Blue Leather Chair
235,Contemporary Table,Table,Glass,Black,Modern,12683.54,4.1,Modern Black Glass Table
236,Minimalist Wardrobe,Wardrobe,Wood,Black,Minimalist,30240.21,2.5,Minimalist Black Wood Wardrobe
237,Industrial Wardrobe,Wardrobe,Metal,Blue,Contemporary,15272.33,2.5,Contemporary Blue Metal Wardrobe
238,Contemporary Table,Table,Leather,Brown,Contemporary,33554.19,2.7,Contemporary Brown Leather Table
239,Modern Table,Table,Leather,Beige,Industrial,39534.2,3.8,Industrial Beige Leather Table
240,Minimalist Sofa,Sofa,Fabric,Black,Minimalist,49070.93,3.1,Minimalist Black Fabric Sofa
241,Vintage Sofa,Sofa,Wood,Grey,Contemporary,36914.11,4.1,Contemporary Grey Wood Sofa
242,Vintage Wardrobe,Wardrobe,Metal,Black,Vintage,27754.67,4.5,Vintage Black Metal Wardrobe
243,Minimalist Chair,Chair,Fabric,Blue,Contemporary,40763.39,2.7,Contemporary Blue Fabric Chair
244,Modern Bed,Bed,Glass,White,Modern,39764.35,4.7,Modern White Glass Bed
245,Vintage Table,Table,Leather,Brown,Industrial,24196.59,2.6,Industrial Brown Leather Table
246,Vintage Chair,Chair,Glass,Black,Vintage,14387.61,4.5,Vintage Black Glass Chair
247,Minimalist Bed,Bed,Fabric,Brown,Vintage,48712.46,3.7,Vintage Brown Fabric Bed
248,Vintage Bed,Bed,Leather,Grey,Modern,36626.98,2.7,Modern Grey Leather Bed
249,Contemporary Wardrobe,Wardrobe,Leather,Grey,Vintage,6027.3,3.3,Vintage Grey Leather Wardrobe
250,Vintage Table,Table,Fabric,Beige,Minimalist,9165.59,3.6,Minimalist Beige Fabric Table
251,Modern Bed,Bed,Glass,Beige,Minimalist,14453.21,5.0,Minimalist Beige Glass Bed
252,Modern Sofa,Sofa,Fabric,Grey,Industrial,40253.7,4.2,Industrial Grey Fabric Sofa
253,Contemporary Sofa,Sofa,Leather,Blue,Minimalist,2705.15,2.7,Minimalist Blue Leather Sofa
254,Vintage Table,Table,Fabric,Beige,Modern,30649.65,4.2,Modern Beige Fabric Table
255,Vintage Table,Table,Fabric,Black,Industrial,7747.06,3.4,Industrial Black Fabric Table
256,Vintage Table,Table,Metal,Black,Modern,37048.07,3.7,Modern Black Metal Table
257,Industrial Bed,Bed,Wood,Grey,Vintage,35497.85,3.0,Vintage Grey Wood Bed
258,Vintage Wardrobe,Wardrobe,Fabric,White,Modern,7650.69,2.7,Modern White Fabric Wardrobe
259,Minimalist Chair,Chair,Wood,Blue,Vintage,33724.15,4.3,Vintage Blue Wood Chair
260,Industrial Wardrobe,Wardrobe,Glass,Grey,Contemporary,35878.65,4.8,Contemporary Grey Glass Wardrobe
261,Vintage Chair,Chair,Leather,White,Modern,49271.49,4.5,Modern White Leather Chair
262,Minimalist Chair,Chair,Wood,Grey,Industrial,29041.59,3.7,Industrial Grey Wood Chair
263,Contemporary Wardrobe,Wardrobe,Leather,Black,Modern,16155.25,5.0,Modern Black Leather Wardrobe
264,Industrial Bed,Bed,Fabric,Brown,Industrial,4613.78,4.9,Industrial Brown Fabric Bed
265,Minimalist Sofa,Sofa,Fabric,Blue,Industrial,17881.22,4.7,Industrial Blue Fabric Sofa
266,Industrial Wardrobe,Wardrobe,Metal,White,Minimalist,25640.33,4.7,Minimalist White Metal Wardrobe
267,Industrial Sofa,Sofa,Metal,Grey,Contemporary,8936.38,4.8,Contemporary Grey Metal Sofa
268,Vintage Chair,Chair,Leather,Grey,Modern,13279.66,4.1,Modern Grey Leather Chair
269,Vintage Wardrobe,Wardrobe,Metal,Blue,Vintage,31106.99,2.7,Vintage Blue Metal Wardrobe
270,Industrial Chair,Chair,Leather,White,Contemporary,33277.91,4.3,Contemporary White Leather Chair
271,Vintage Wardrobe,Wardrobe,Leather,Black,Modern,4979.92,4.9,Modern Black Leather Wardrobe
272,Vintage Wardrobe,Wardrobe,Metal,Beige,Minimalist,31287.31,2.6,Minimalist Beige Metal Wardrobe
273,Vintage Wardrobe,Wardrobe,Glass,Brown,Contemporary,40429.72,4.2,Contemporary Brown Glass Wardrobe
274,Minimalist Table,Table,Wood,Blue,Modern,8745.94,3.5,Modern Blue Wood Table
275,Contemporary Bed,Bed,Glass,Beige,Contemporary,16316.54,4.3,Contemporary Beige Glass Bed
276,Minimalist Table,Table,Metal,Grey,Industrial,28520.91,3.3,Industrial Grey Metal Table
277,Modern Bed,Bed,Glass,Brown,Contemporary,7903.0,2.6,Contemporary Brown Glass Bed
278,Industrial Bed,Bed,Fabric,White,Contemporary,40860.41,4.8,Contemporary White Fabric Bed
279,Contemporary Table,Table,Metal,Brown,Industrial,23873.94,4.7,Industrial Brown Metal Table
280,Modern Bed,Bed,Wood,Brown,Industrial,23404.3,3.1,Industrial Brown Wood Bed
281,Vintage Wardrobe,Wardrobe,Wood,Black,Vintage,25249.82,4.7,Vintage Black Wood Wardrobe
282,Vintage Bed,Bed,Leather,Black,Modern,22115.46,4.7,Modern Black Leather Bed
283,Minimalist Table,Table,Glass,Black,Minimalist,3506.73,3.9,Minimalist Black Glass Table
284,Industrial Table,Table,Glass,Black,Minimalist,25708.52,4.4,Minimalist Black Glass Table
285,Industrial Table,Table,Leather,Black,Contemporary,48779.06,3.5,Contemporary Black Leather Table
286,Industrial Table,Table,Glass,White,Contemporary,30520.68,3.5,Contemporary White Glass Table
287,Modern Sofa,Sofa,Wood,White,Vintage,40394.33,3.8,Vintage White Wood Sofa
288,Industrial Chair,Chair,Leather,White,Vintage,46637.07,3.3,Vintage White Leather Chair
289,Industrial Bed,Bed,Glass,Beige,Vintage,25858.43,3.8,Vintage Beige Glass Bed
290,Industrial Bed,Bed,Glass,Brown,Modern,19049.53,4.2,Modern Brown Glass Bed
291,Industrial Bed,Bed,Glass,Blue,Modern,30248.57,3.2,Modern Blue Glass Bed
292,Industrial Wardrobe,Wardrobe,Metal,Blue,Modern,29592.64,2.9,Modern Blue Metal Wardrobe
293,Minimalist Wardrobe,Wardrobe,Metal,Blue,Contemporary,2546.96,4.9,Contemporary Blue Metal Wardrobe
294,Contemporary Sofa,Sofa,Wood,Brown,Vintage,21520.23,3.5,Vintage Brown Wood Sofa
295,Minimalist Chair,Chair,Leather,Beige,Minimalist,43768.07,4.3,Minimalist Beige Leather Chair
296,Contemporary Sofa,Sofa,Leather,White,Industrial,16927.43,4.2,Industrial White Leather Sofa
297,Minimalist Wardrobe,Wardrobe,Glass,White,Minimalist,45694.08,3.4,Minimalist White Glass Wardrobe
298,Vintage Table,Table,Leather,Brown,Contemporary,47909.53,3.2,Contemporary Brown Leather Table
299,Contemporary Table,Table,Glass,Grey,Contemporary,34821.76,3.7,Contemporary Grey Glass Table
300,Vintage Bed,Bed,Leather,Blue,Vintage,15101.68,3.9,Vintage Blue Leather Bed
301,Minimalist Wardrobe,Wardrobe,Fabric,Grey,Contemporary,15232.18,3.2,Contemporary Grey Fabric Wardrobe
302,Vintage Sofa,Sofa,Fabric,Blue,Vintage,37619.59,3.0,Vintage Blue Fabric Sofa
303,Vintage Wardrobe,Wardrobe,Leather,Blue,Vintage,7726.37,4.0,Vintage Blue Leather Wardrobe
304,Contemporary Wardrobe,Wardrobe,Metal,Black,Industrial,12057.91,3.1,Industrial Black Metal Wardrobe
305,Minimalist Sofa,Sofa,Glass,Blue,Minimalist,5926.7,4.4,Minimalist Blue Glass Sofa
306,Industrial Sofa,Sofa,Metal,Brown,Minimalist,24394.98,3.0,Minimalist Brown Metal Sofa
307,Vintage Table,Table,Glass,Blue,Modern,45488.91,2.7,Modern Blue Glass Table
308,Contemporary Wardrobe,Wardrobe,Leather,Blue,Modern,45748.26,2.9,Modern Blue Leather Wardrobe
309,Modern Chair,Chair,Fabric,Brown,Contemporary,46893.83,4.9,Contemporary Brown Fabric Chair
310,Modern Table,Table,Wood,Grey,Industrial,30536.37,4.8,Industrial Grey Wood Table
311,Vintage Table,Table,Fabric,Blue,Industrial,26691.61,4.7,Industrial Blue Fabric Table
312,Industrial Chair,Chair,Fabric,Grey,Contemporary,40631.88,3.3,Contemporary Grey Fabric Chair
313,Vintage Bed,Bed,Metal,Black,Vintage,39747.62,3.9,Vintage Black Metal Bed
314,Contemporary Chair,Chair,Leather,Blue,Minimalist,41522.5,3.8,Minimalist Blue Leather Chair
315,Minimalist Sofa,Sofa,Wood,White,Contemporary,24395.25,4.8,Contemporary White Wood Sofa
316,Vintage Sofa,Sofa,Fabric,White,Minimalist,37934.08,4.9,Minimalist White Fabric Sofa
317,Industrial Table,Table,Leather,Black,Vintage,33030.48,4.2,Vintage Black Leather Table
318,Modern Sofa,Sofa,Fabric,Grey,Contemporary,20865.41,3.8,Contemporary Grey Fabric Sofa
319,Modern Table,Table,Glass,Grey,Industrial,11821.61,4.9,Industrial Grey Glass Table
320,Contemporary Bed,Bed,Fabric,Blue,Industrial,19307.62,4.3,Industrial Blue Fabric Bed
321,Industrial Bed,Bed,Metal,White,Industrial,43783.62,2.7,Industrial White Metal Bed
322,Industrial Bed,Bed,Glass,Black,Industrial,6498.23,4.6,Industrial Black Glass Bed
323,Contemporary Wardrobe,Wardrobe,Leather,Beige,Contemporary,9062.32,4.6,Contemporary Beige Leather Wardrobe
324,Modern Bed,Bed,Metal,Blue,Industrial,24952.57,4.7,Industrial Blue Metal Bed
325,Modern Bed,Bed,Fabric,White,Industrial,21355.8,3.9,Industrial White Fabric Bed
326,Minimalist Wardrobe,Wardrobe,Glass,Blue,Modern,20401.49,4.5,Modern Blue Glass Wardrobe
327,Industrial Chair,Chair,Wood,Black,Minimalist,17881.91,2.7,Minimalist Black Wood Chair
328,Modern Sofa,Sofa,Fabric,Black,Vintage,21034.48,4.4,Vintage Black Fabric Sofa
329,Vintage Bed,Bed,Fabric,Brown,Minimalist,19406.63,4.2,Minimalist Brown Fabric Bed
330,Contemporary Wardrobe,Wardrobe,Glass,Black,Contemporary,49649.49,3.5,Contemporary Black Glass Wardrobe
331,Contemporary Chair,Chair,Wood,Black,Vintage,23687.19,4.3,Vintage Black Wood Chair
332,Industrial Bed,Bed,Fabric,White,Contemporary,23570.64,2.9,Contemporary White Fabric Bed
333,Modern Chair,Chair,Wood,Blue,Minimalist,31131.24,4.8,Minimalist Blue Wood Chair
334,Contemporary Sofa,Sofa,Metal,Black,Modern,30103.26,3.6,Modern Black Metal Sofa
335,Contemporary Sofa,Sofa,Wood,Brown,Minimalist,12482.62,3.0,Minimalist Brown Wood Sofa
336,Contemporary Sofa,Sofa,Leather,Grey,Contemporary,40973.53,4.3,Contemporary Grey Leather Sofa
337,Industrial Table,Table,Leather,Blue,Vintage,12608.3,4.7,Vintage Blue Leather Table
338,Contemporary Wardrobe,Wardrobe,Fabric,Grey,Vintage,3986.92,4.9,Vintage Grey Fabric Wardrobe
339,Minimalist Chair,Chair,Leather,Brown,Modern,48642.22,4.9,Modern Brown Leather Chair
340,Industrial Bed,Bed,Glass,Blue,Minimalist,21004.7,3.2,Minimalist Blue Glass Bed
341,Industrial Chair,Chair,Fabric,White,Contemporary,15736.08,4.3,Contemporary White Fabric Chair
342,Modern Bed,Bed,Leather,Brown,Minimalist,28307.05,2.8,Minimalist Brown Leather Bed
343,Vintage Chair,Chair,Metal,Grey,Modern,46189.08,4.6,Modern Grey Metal Chair
344,Industrial Sofa,Sofa,Metal,Black,Vintage,19481.23,4.0,Vintage Black Metal Sofa
345,Modern Sofa,Sofa,Metal,Beige,Industrial,11633.81,3.0,Industrial Beige Metal Sofa
346,Vintage Table,Table,Wood,White,Contemporary,48141.8,2.8,Contemporary White Wood Table
347,Contemporary Bed,Bed,Leather,Blue,Contemporary,20434.97,3.1,Contemporary Blue Leather Bed
348,Vintage Table,Table,Fabric,Brown,Industrial,32787.35,3.3,Industrial Brown Fabric Table
349,Industrial Table,Table,Fabric,Brown,Modern,40338.01,4.3,Modern Brown Fabric Table
350,Contemporary Table,Table,Glass,Grey,Minimalist,3240.06,4.7,Minimalist Grey Glass Table
351,Modern Chair,Chair,Glass,Beige,Industrial,29378.0,3.5,Industrial Beige Glass Chair
352,Contemporary Chair,Chair,Glass,White,Minimalist,28919.69,3.1,Minimalist White Glass Chair
353,Vintage Wardrobe,Wardrobe,Glass,Brown,Minimalist,23580.62,4.3,Minimalist Brown Glass Wardrobe
354,Contemporary Table,Table,Metal,Blue,Industrial,24927.5,4.8,Industrial Blue Metal Table
355,Modern Wardrobe,Wardrobe,Leather,Black,Modern,47314.22,4.2,Modern Black Leather Wardrobe
356,Minimalist Sofa,Sofa,Metal,Blue,Contemporary,4330.43,2.9,Contemporary Blue Metal Sofa
357,Industrial Chair,Chair,Fabric,Grey,Modern,31273.93,4.2,Modern Grey Fabric Chair
358,Minimalist Wardrobe,Wardrobe,Fabric,Black,Modern,27078.41,3.5,Modern Black Fabric Wardrobe
359,Industrial Sofa,Sofa,Glass,Beige,Vintage,1839.99,4.5,Vintage Beige Glass Sofa
360,Contemporary Bed,Bed,Wood,Black,Industrial,8295.98,3.0,Industrial Black Wood Bed
361,Vintage Wardrobe,Wardrobe,Glass,Grey,Minimalist,4871.94,4.9,Minimalist Grey Glass Wardrobe
362,Industrial Bed,Bed,Metal,Blue,Contemporary,15698.76,4.6,Contemporary Blue Metal Bed
363,Modern Sofa,Sofa,Wood,Brown,Minimalist,19481.31,3.7,Minimalist Brown Wood Sofa
364,Contemporary Sofa,Sofa,Wood,Brown,Minimalist,32600.45,3.3,Minimalist Brown Wood Sofa
365,Industrial Sofa,Sofa,Wood,White,Contemporary,45162.37,4.2,Contemporary White Wood Sofa
366,Minimalist Wardrobe,Wardrobe,Glass,Black,Modern,34537.01,3.2,Modern Black Glass Wardrobe
367,Industrial Wardrobe,Wardrobe,Wood,White,Vintage,1767.25,3.0,Vintage White Wood Wardrobe
368,Minimalist Chair,Chair,Wood,Grey,Contemporary,28633.95,3.9,Contemporary Grey Wood Chair
369,Industrial Bed,Bed,Glass,Brown,Contemporary,39734.41,4.2,Contemporary Brown Glass Bed
370,Industrial Sofa,Sofa,Glass,Black,Modern,22417.32,4.6,Modern Black Glass Sofa
371,Industrial Table,Table,Leather,Beige,Minimalist,48477.11,3.3,Minimalist Beige Leather Table
372,Minimalist Table,Table,Fabric,White,Vintage,28098.85,3.4,Vintage White Fabric Table
373,Industrial Chair,Chair,Fabric,Black,Industrial,15473.59,3.1,Industrial Black Fabric Chair
374,Modern Sofa,Sofa,Glass,White,Minimalist,35872.18,4.1,Minimalist White Glass Sofa
375,Vintage Bed,Bed,Glass,Black,Modern,1254.57,3.3,Modern Black Glass Bed
376,Vintage Table,Table,Wood,White,Modern,10182.2,3.6,Modern White Wood Table
377,Industrial Wardrobe,Wardrobe,Fabric,Black,Modern,5391.32,3.9,Modern Black Fabric Wardrobe
378,Industrial Wardrobe,Wardrobe,Glass,Brown,Modern,15300.52,3.5,Modern Brown Glass Wardrobe
379,Industrial Sofa,Sofa,Metal,Beige,Industrial,9309.56,3.5,Industrial Beige Metal Sofa
380,Vintage Chair,Chair,Glass,Grey,Minimalist,8150.81,2.9,Minimalist Grey Glass Chair
381,Minimalist Table,Table,Glass,Brown,Modern,18695.12,4.9,Modern Brown Glass Table
382,Industrial Bed,Bed,Leather,White,Minimalist,6241.65,3.3,Minimalist White Leather Bed
383,Vintage Bed,Bed,Leather,Brown,Vintage,22570.92,3.6,Vintage Brown Leather Bed
384,Contemporary Wardrobe,Wardrobe,Glass,Grey,Industrial,47416.67,3.0,Industrial Grey Glass Wardrobe
385,Contemporary Table,Table,Fabric,Grey,Vintage,37008.84,4.1,Vintage Grey Fabric Table
386,Contemporary Wardrobe,Wardrobe,Glass,Brown,Vintage,41008.23,3.5,Vintage Brown Glass Wardrobe
387,Industrial Sofa,Sofa,Metal,Beige,Industrial,9816.43,4.4,Industrial Beige Metal Sofa
388,Minimalist Sofa,Sofa,Metal,Brown,Vintage,41732.81,2.7,Vintage Brown Metal Sofa
389,Minimalist Bed,Bed,Metal,Blue,Vintage,12859.04,4.1,Vintage Blue Metal Bed
390,Minimalist Bed,Bed,Wood,Brown,Industrial,24482.5,3.5,Industrial Brown Wood Bed
391,Minimalist Wardrobe,Wardrobe,Leather,Black,Vintage,35380.08,4.5,Vintage Black Leather Wardrobe
392,Modern Wardrobe,Wardrobe,Wood,White,Vintage,9150.59,4.0,Vintage White Wood Wardrobe
393,Minimalist Wardrobe,Wardrobe,Glass,Brown,Modern,1516.84,3.1,Modern Brown Glass Wardrobe
394,Industrial Wardrobe,Wardrobe,Leather,Beige,Industrial,11830.56,3.4,Industrial Beige Leather Wardrobe
395,Industrial Bed,Bed,Leather,White,Vintage,49887.43,3.7,Vintage White Leather Bed
396,Minimalist Table,Table,Wood,Black,Contemporary,18068.1,3.4,Contemporary Black Wood Table
397,Industrial Chair,Chair,Fabric,Grey,Minimalist,5783.53,4.3,Minimalist Grey Fabric Chair
398,Vintage Bed,Bed,Wood,Grey,Modern,40699.11,2.8,Modern Grey Wood Bed
399,Modern Table,Table,Metal,Blue,Contemporary,26283.7,3.9,Contemporary Blue Metal Table
400,Industrial Table,Table,Fabric,Brown,Contemporary,40090.03,4.1,Contemporary Brown Fabric Table
401,Minimalist Chair,Chair,Fabric,Black,Industrial,44271.77,3.6,Industrial Black Fabric Chair
402,Minimalist Bed,Bed,Wood,Blue,Contemporary,11083.44,4.4,Contemporary Blue Wood Bed
403,Industrial Sofa,Sofa,Wood,Beige,Contemporary,18923.86,3.0,Contemporary Beige Wood Sofa
404,Vintage Sofa,Sofa,Fabric,Beige,Vintage,30251.57,4.0,Vintage Beige Fabric Sofa
405,Modern Wardrobe,Wardrobe,Glass,Grey,Minimalist,31250.77,4.5,Minimalist Grey Glass Wardrobe
406,Industrial Table,Table,Leather,Black,Contemporary,16346.1,3.1,Contemporary Black Leather Table
407,Contemporary Sofa,Sofa,Glass,Blue,Contemporary,26030.42,3.5,Contemporary Blue Glass Sofa
408,Industrial Chair,Chair,Fabric,Brown,Contemporary,24846.84,3.8,Contemporary Brown Fabric Chair
409,Industrial Chair,Chair,Metal,Brown,Vintage,7874.53,3.3,Vintage Brown Metal Chair
410,Industrial Bed,Bed,Wood,Grey,Modern,24745.84,3.0,Modern Grey Wood Bed
411,Industrial Bed,Bed,Leather,Blue,Minimalist,21047.58,3.7,Minimalist Blue Leather Bed
412,Minimalist Bed,Bed,Metal,Black,Industrial,2512.17,4.4,Industrial Black Metal Bed
413,Modern Table,Table,Glass,White,Industrial,15144.85,4.5,Industrial White Glass Table
414,Minimalist Wardrobe,Wardrobe,Leather,Beige,Modern,29062.99,3.2,Modern Beige Leather Wardrobe
415,Vintage Wardrobe,Wardrobe,Leather,Black,Minimalist,27771.31,5.0,Minimalist Black Leather Wardrobe
416,Contemporary Sofa,Sofa,Glass,Black,Minimalist,13877.95,4.7,Minimalist Black Glass Sofa
417,Minimalist Sofa,Sofa,Wood,White,Contemporary,40724.43,4.0,Contemporary White Wood Sofa
418,Industrial Table,Table,Fabric,White,Industrial,7822.51,3.0,Industrial White Fabric Table
419,Modern Chair,Chair,Leather,Grey,Industrial,14773.17,3.8,Industrial Grey Leather Chair
420,Vintage Table,Table,Glass,Beige,Vintage,47667.47,3.8,Vintage Beige Glass Table
421,Contemporary Sofa,Sofa,Fabric,Black,Vintage,43485.33,2.8,Vintage Black Fabric Sofa
422,Contemporary Chair,Chair,Metal,Blue,Vintage,41595.61,4.4,Vintage Blue Metal Chair
423,Minimalist Bed,Bed,Metal,Beige,Vintage,31762.83,3.4,Vintage Beige Metal Bed
424,Modern Sofa,Sofa,Fabric,Beige,Vintage,35040.48,4.7,Vintage Beige Fabric Sofa
425,Minimalist Bed,Bed,Glass,Beige,Modern,43576.48,4.6,Modern Beige Glass Bed
426,Minimalist Sofa,Sofa,Glass,Black,Industrial,20488.08,4.9,Industrial Black Glass Sofa
427,Minimalist Chair,Chair,Glass,Grey,Vintage,17550.0,3.9,Vintage Grey Glass Chair
428,Minimalist Wardrobe,Wardrobe,Glass,Blue,Modern,3251.2,4.1,Modern Blue Glass Wardrobe
429,Modern Bed,Bed,Wood,White,Minimalist,23369.39,5.0,Minimalist White Wood Bed
430,Contemporary Bed,Bed,Metal,Blue,Vintage,8789.9,4.8,Vintage Blue Metal Bed
431,Modern Table,Table,Glass,Grey,Modern,19220.34,4.8,Modern Grey Glass Table
432,Modern Chair,Chair,Fabric,Blue,Vintage,36573.43,4.4,Vintage Blue Fabric Chair
433,Modern Bed,Bed,Wood,Black,Contemporary,24363.53,2.8,Contemporary Black Wood Bed
434,Industrial Chair,Chair,Fabric,Black,Modern,35084.26,4.5,Modern Black Fabric Chair
435,Contemporary Bed,Bed,Fabric,Black,Contemporary,19770.43,4.3,Contemporary Black Fabric Bed
436,Modern Sofa,Sofa,Glass,Grey,Vintage,7719.34,4.4,Vintage Grey Glass Sofa
437,Contemporary Chair,Chair,Wood,Beige,Industrial,1415.26,4.1,Industrial Beige Wood Chair
438,Vintage Bed,Bed,Metal,Blue,Contemporary,46074.81,4.0,Contemporary Blue Metal Bed
439,Contemporary Bed,Bed,Wood,Black,Contemporary,37869.84,4.0,Contemporary Black Wood Bed
440,Vintage Bed,Bed,Fabric,Grey,Contemporary,13141.53,4.1,Contemporary Grey Fabric Bed
441,Industrial Chair,Chair,Leather,Beige,Industrial,14961.12,4.9,Industrial Beige Leather Chair
442,Vintage Sofa,Sofa,Metal,Beige,Industrial,25966.61,4.4,Industrial Beige Metal Sofa
443,Modern Table,Table,Metal,Brown,Minimalist,6524.44,3.7,Minimalist Brown Metal Table
444,Modern Wardrobe,Wardrobe,Leather,Black,Vintage,46762.3,2.8,Vintage Black Leather Wardrobe
445,Minimalist Wardrobe,Wardrobe,Glass,Beige,Contemporary,38373.57,4.9,Contemporary Beige Glass Wardrobe
446,Modern Sofa,Sofa,Leather,Black,Modern,13847.08,2.6,Modern Black Leather Sofa
447,Minimalist Sofa,Sofa,Leather,Grey,Industrial,38588.39,3.6,Industrial Grey Leather Sofa
448,Modern Bed,Bed,Leather,Beige,Industrial,8481.34,2.7,Industrial Beige Leather Bed
449,Industrial Sofa,Sofa,Metal,White,Industrial,17010.76,4.0,Industrial White Metal Sofa
450,Vintage Sofa,Sofa,Fabric,Blue,Contemporary,3837.39,2.7,Contemporary Blue Fabric Sofa
451,Modern Bed,Bed,Fabric,Beige,Industrial,3696.4,4.2,Industrial Beige Fabric Bed
452,Modern Chair,Chair,Wood,Blue,Contemporary,35373.48,2.9,Contemporary Blue Wood Chair
453,Industrial Table,Table,Leather,Blue,Vintage,9181.18,2.8,Vintage Blue Leather Table
454,Modern Table,Table,Wood,Grey,Minimalist,14327.05,2.7,Minimalist Grey Wood Table
455,Modern Wardrobe,Wardrobe,Fabric,Brown,Industrial,18646.07,3.7,Industrial Brown Fabric Wardrobe
456,Contemporary Wardrobe,Wardrobe,Glass,White,Vintage,38893.12,4.7,Vintage White Glass Wardrobe
457,Contemporary Sofa,Sofa,Leather,Black,Modern,43075.76,2.5,Modern Black Leather Sofa
458,Minimalist Sofa,Sofa,Glass,Brown,Contemporary,9769.09,4.9,Contemporary Brown Glass Sofa
459,Industrial Sofa,Sofa,Fabric,White,Vintage,13164.9,4.8,Vintage White Fabric Sofa
460,Vintage Table,Table,Wood,Beige,Vintage,6850.65,4.2,Vintage Beige Wood Table
461,Contemporary Sofa,Sofa,Metal,Beige,Modern,47749.89,2.7,Modern Beige Metal Sofa
462,Vintage Bed,Bed,Glass,Grey,Modern,28101.48,2.5,Modern Grey Glass Bed
463,Vintage Chair,Chair,Leather,Grey,Industrial,12886.62,3.4,Industrial Grey Leather Chair
464,Contemporary Bed,Bed,Leather,White,Contemporary,1312.52,3.5,Contemporary White Leather Bed
465,Industrial Chair,Chair,Glass,Blue,Modern,47598.52,2.5,Modern Blue Glass Chair
466,Vintage Bed,Bed,Wood,White,Industrial,49172.67,3.5,Industrial White Wood Bed
467,Contemporary Sofa,Sofa,Glass,Black,Modern,46142.45,4.7,Modern Black Glass Sofa
468,Minimalist Wardrobe,Wardrobe,Glass,Brown,Modern,29457.76,3.8,Modern Brown Glass Wardrobe
469,Modern Bed,Bed,Leather,Beige,Modern,22314.16,4.9,Modern Beige Leather Bed
470,Vintage Chair,Chair,Glass,Grey,Minimalist,35335.55,4.3,Minimalist Grey Glass Chair
471,Minimalist Table,Table,Glass,White,Modern,47234.18,2.8,Modern White Glass Table
472,Modern Wardrobe,Wardrobe,Metal,Black,Contemporary,23028.77,3.3,Contemporary Black Metal Wardrobe
473,Industrial Sofa,Sofa,Glass,White,Minimalist,16107.08,3.2,Minimalist White Glass Sofa
474,Modern Sofa,Sofa,Metal,Blue,Vintage,41492.95,4.2,Vintage Blue Metal Sofa
475,Contemporary Sofa,Sofa,Glass,White,Modern,35846.71,4.9,Modern White Glass Sofa
476,Industrial Bed,Bed,Wood,Blue,Vintage,13748.17,5.0,Vintage Blue Wood Bed
477,Minimalist Sofa,Sofa,Fabric,Beige,Industrial,13242.78,3.7,Industrial Beige Fabric Sofa
478,Modern Chair,Chair,Wood,Black,Contemporary,7405.05,4.6,Contemporary Black Wood Chair
479,Modern Table,Table,Leather,Beige,Vintage,45954.0,2.7,Vintage Beige Leather Table
480,Contemporary Sofa,Sofa,Fabric,White,Modern,45348.82,4.6,Modern White Fabric Sofa
481,Modern Table,Table,Wood,Brown,Modern,9231.47,3.9,Modern Brown Wood Table
482,Minimalist Bed,Bed,Wood,Brown,Minimalist,9467.55,3.0,Minimalist Brown Wood Bed
483,Vintage Chair,Chair,Glass,Brown,Contemporary,2697.82,4.0,Contemporary Brown Glass Chair
484,Vintage Chair,Chair,Fabric,Brown,Industrial,24472.52,2.7,Industrial Brown Fabric Chair
485,Contemporary Bed,Bed,Fabric,White,Industrial,13208.24,5.0,Industrial White Fabric Bed
486,Modern Wardrobe,Wardrobe,Fabric,Blue,Vintage,24504.54,4.5,Vintage Blue Fabric Wardrobe
487,Industrial Table,Table,Leather,Grey,Minimalist,14251.35,2.6,Minimalist Grey Leather Table
488,Contemporary Wardrobe,Wardrobe,Wood,Grey,Modern,40624.04,3.7,Modern Grey Wood Wardrobe
489,Industrial Table,Table,Metal,White,Modern,13145.0,3.1,Modern White Metal Table
490,Modern Wardrobe,Wardrobe,Metal,Beige,Minimalist,18385.43,4.6,Minimalist Beige Metal Wardrobe
491,Contemporary Chair,Chair,Metal,Beige,Vintage,40504.3,4.2,Vintage Beige Metal Chair
492,Modern Wardrobe,Wardrobe,Glass,Beige,Industrial,7963.01,4.9,Industrial Beige Glass Wardrobe
493,Industrial Bed,Bed,Glass,White,Minimalist,2860.22,2.6,Minimalist White Glass Bed
494,Contemporary Wardrobe,Wardrobe,Wood,Beige,Minimalist,1033.49,4.8,Minimalist Beige Wood Wardrobe
495,Contemporary Chair,Chair,Glass,Blue,Contemporary,46020.26,4.6,Contemporary Blue Glass Chair
496,Modern Table,Table,Wood,White,Industrial,35530.12,2.9,Industrial White Wood Table
497,Industrial Sofa,Sofa,Glass,Black,Vintage,35522.36,4.2,Vintage Black Glass Sofa
498,Modern Wardrobe,Wardrobe,Glass,Grey,Vintage,7686.13,2.9,Vintage Grey Glass Wardrobe
499,Minimalist Bed,Bed,Glass,White,Industrial,34984.46,4.8,Industrial White Glass Bed
